{"cameraMode":{"drawMode":0,"name":"Shaded","section":"Shading Mode"},"sceneLighting":false,"audioPlay":false,"sceneViewState":{"m_AlwaysRefresh":false,"showFog":true,"showSkybox":false,"showFlares":true,"showImageEffects":true,"showParticleSystems":true,"showVisualEffectGraphs":true,"m_FxEnabled":false},"in2DMode":false,"pivot":{"x":5.079912185668945,"y":-0.20000030100345612,"z":9.613998413085938},"rotation":{"x":-0.19689136743545533,"y":0.03440233692526817,"z":-0.006912816781550646,"w":-0.9797986745834351},"size":14.476313591003418,"orthographic":false}