{"cameraMode":{"drawMode":0,"name":"Shaded","section":"Shading Mode"},"sceneLighting":false,"audioPlay":false,"sceneViewState":{"m_AlwaysRefresh":false,"showFog":true,"showSkybox":true,"showFlares":true,"showImageEffects":true,"showParticleSystems":true,"showVisualEffectGraphs":true,"m_FxEnabled":false},"in2DMode":false,"pivot":{"x":194.12062072753907,"y":5.852474212646484,"z":-34.85324478149414},"rotation":{"x":0.012559272348880768,"y":-0.9871037602424622,"z":0.12563826143741609,"w":0.09924258291721344},"size":47.80549621582031,"orthographic":true}